id,titulo,Enunciado Padronizado,Classificação MoSCoW,Regras de Negócio,Componente Responsável,Rastreabilidade,origem,Origem do Requisito,Métricas Técnicas,Método de Validação,Escopo de Homologação,Diretrizes de Segurança,Princípios LGPD,Tratamento de Exceções,Critérios de Acessibilidade
RF-01,RF-01: Acionamento da Análise,O sistema deve permitir que o usuário inicie a análise de um vídeo do YouTube por meio do acionamento da extensão.,Must Have (Onda 1 - MVP) | IN,"O botão de acionamento deve ser renderizado exclusivamente em páginas de vídeo ativas (https://www.youtube.com/watch*); ao ser clicado pelo usuário, deve disparar a checagem fornecendo confirmação visual de carregamento em até 1 segundo.",Content Script (UI injetada via Shadow DOM isolado).,"Cenário 01 (https://github.com/evidencia-grupo/documentation/blob/30995991ee264535b3814d40687dbd893a01214a/docs/requisitos/cenarios.md#cenario-01), Cenário 03 (https://github.com/evidencia-grupo/documentation/blob/30995991ee264535b3814d40687dbd893a01214a/docs/requisitos/cenarios.md#cenario-03), UC-01 (https://github.com/evidencia-grupo/documentation/blob/30995991ee264535b3814d40687dbd893a01214a/docs/requisitos/casos-de-uso.md#uc-01), HU01, HU03 (https://github.com/evidencia-grupo/documentation/blob/30995991ee264535b3814d40687dbd893a01214a/docs/requisitos/backlog-e-historias.md#hu01).","catálogo de origem; requisito especificado, não declaração automática de conclusão",,,,,,,,
RF-02,RF-02: Obtenção e Análise de Transcrição,O sistema deve obter e analisar a transcrição do conteúdo do vídeo quando legendas ou transcrições estiverem disponíveis.,Must Have (Onda 1 - MVP) | IN,"O sistema deve capturar faixas de legendas oficiais fornecidas pelo canal ou legendas geradas automaticamente pelo YouTube, estruturando o texto com marcações temporais (*timestamps*) e eliminando ruídos de formatação.",Content Script integrado à API interna do player do YouTube.,"Cenário 02 (https://github.com/evidencia-grupo/documentation/blob/30995991ee264535b3814d40687dbd893a01214a/docs/requisitos/cenarios.md#cenario-02), UC-02 (https://github.com/evidencia-grupo/documentation/blob/30995991ee264535b3814d40687dbd893a01214a/docs/requisitos/casos-de-uso.md#uc-02), HU05 (https://github.com/evidencia-grupo/documentation/blob/30995991ee264535b3814d40687dbd893a01214a/docs/requisitos/backlog-e-historias.md#hu05).","catálogo de origem; requisito especificado, não declaração automática de conclusão",,,,,,,,
RF-03,RF-03: Apresentação de Evidências em Linguagem Clara,O sistema deve apresentar as evidências relacionadas às afirmações em linguagem acessível e clara.,Must Have (Onda 1 - MVP) | IN,"As alegações extraídas da transcrição devem ser contrapontas com evidências factuais redigidas em português simples e direto, sem termos herméticos ou jargões da web, priorizando a compreensão imediata por usuários leigos.",Backend Proxy (Pipeline de IA com prompt de formatação acessível) e Painel Lateral (UI).,"Cenário 03 (https://github.com/evidencia-grupo/documentation/blob/30995991ee264535b3814d40687dbd893a01214a/docs/requisitos/cenarios.md#cenario-03), Cenário 10 (https://github.com/evidencia-grupo/documentation/blob/30995991ee264535b3814d40687dbd893a01214a/docs/requisitos/cenarios.md#cenario-10), UC-01, UC-03 (https://github.com/evidencia-grupo/documentation/blob/30995991ee264535b3814d40687dbd893a01214a/docs/requisitos/casos-de-uso.md#uc-01), HU01, HU02, HU04 (https://github.com/evidencia-grupo/documentation/blob/30995991ee264535b3814d40687dbd893a01214a/docs/requisitos/backlog-e-historias.md#hu01).","catálogo de origem; requisito especificado, não declaração automática de conclusão",,,,,,,,
RF-04,RF-04: Apresentação de Fontes e Referências Diretas,"O sistema deve apresentar as fontes e referências utilizadas com links e metadados diretos, permitindo que o usuário consulte a origem e verifique as evidências de forma autônoma.",Must Have (Onda 1 - MVP) | IN,"Cada evidência deve ser acompanhada de título do artigo/instituição, domínio de origem e hiperligação direta com abertura em nova aba (target=""_blank""), assegurando que o player do vídeo e o painel permaneçam intactos. Links inacessíveis devem ser tratados nativamente pelo navegador sem quebrar a extensão.",Painel Lateral (UI de Fontes) e Backend Proxy (Schema de Referências).,"Cenário 04 (https://github.com/evidencia-grupo/documentation/blob/30995991ee264535b3814d40687dbd893a01214a/docs/requisitos/cenarios.md#cenario-04), UC-04 (https://github.com/evidencia-grupo/documentation/blob/30995991ee264535b3814d40687dbd893a01214a/docs/requisitos/casos-de-uso.md#uc-04), HU07 (https://github.com/evidencia-grupo/documentation/blob/30995991ee264535b3814d40687dbd893a01214a/docs/requisitos/backlog-e-historias.md#hu07).","catálogo de origem; requisito especificado, não declaração automática de conclusão",,,,,,,,
RF-05,RF-05: Retorno Reflexivo e Estímulo Crítico,"O sistema deve fornecer retorno reflexivo sobre o processo de investigação, estimulando ativamente a postura crítica e autônoma do usuário perante o conteúdo do vídeo.",Must Have (Onda 1 - MVP) | IN (Promovido de Pós-MVP via ADR-006),"O sistema formula no mínimo 3 perguntas reflexivas neutras por análise/alegação investigada (ex.: origem primária, atualidade temporal, omissões de argumentos e existência de evidências independentes) para estimular a reflexão do usuário, sem emitir juízos ideológicos ou impor conclusões pré-fabricadas. A seção ""Perguntas para você"" é componente indispensável do MVP. A interação é opcional e não bloqueia a navegação.",Painel Lateral (Módulo Reflexivo Preact) e Backend Proxy (Gerador de Perguntas).,"GQ08, GQ11, ADR-006 Decisão 7 (https://github.com/evidencia-grupo/documentation/blob/30995991ee264535b3814d40687dbd893a01214a/docs/arquitetura/decisoes/ADR-006-evidence-first-architecture.md), Cenário 05 (https://github.com/evidencia-grupo/documentation/blob/30995991ee264535b3814d40687dbd893a01214a/docs/requisitos/cenarios.md#cenario-05), UC-05 (https://github.com/evidencia-grupo/documentation/blob/30995991ee264535b3814d40687dbd893a01214a/docs/requisitos/casos-de-uso.md#uc-05), HU11, HU15 (https://github.com/evidencia-grupo/documentation/blob/30995991ee264535b3814d40687dbd893a01214a/docs/requisitos/backlog-e-historias.md#hu11).","catálogo de origem; requisito especificado, não declaração automática de conclusão",,,,,,,,
RF-06,RF-06: Síntese Estruturada de Resultados,"O sistema deve apresentar uma síntese estruturada dos resultados da investigação, categorizando quais evidências sustentam, contradizem ou contextualizam cada alegação.",Must Have (Onda 1 - MVP) | IN,"A interface do painel lateral deve apresentar a investigação estruturada orientada a alegações individuais, agrupando as evidências de cada afirmação em: Sustentam (supports), Contradizem (contradicts) ou Contextualizam (contextualizes). É expressamente proibida a exibição de score de veracidade (0 a 100%), velocímetro gráfico (gauge) ou qualquer índice numérico agregador, preservando o julgamento autônomo do usuário.",Painel Lateral (Preact / Shadow DOM) e Backend Proxy.,"GQ01, GQ02, ADR-006 Decisão 1 e 2 (https://github.com/evidencia-grupo/documentation/blob/30995991ee264535b3814d40687dbd893a01214a/docs/arquitetura/decisoes/ADR-006-evidence-first-architecture.md), Cenário 03 (https://github.com/evidencia-grupo/documentation/blob/30995991ee264535b3814d40687dbd893a01214a/docs/requisitos/cenarios.md#cenario-03), Cenário 10 (https://github.com/evidencia-grupo/documentation/blob/30995991ee264535b3814d40687dbd893a01214a/docs/requisitos/cenarios.md#cenario-10), UC-01, UC-03 (https://github.com/evidencia-grupo/documentation/blob/30995991ee264535b3814d40687dbd893a01214a/docs/requisitos/casos-de-uso.md#uc-01), HU02, HU04, HU13 (https://github.com/evidencia-grupo/documentation/blob/30995991ee264535b3814d40687dbd893a01214a/docs/requisitos/backlog-e-historias.md#hu02).","catálogo de origem; requisito especificado, não declaração automática de conclusão",,,,,,,,
RF-07,RF-07: Alerta Expresso de Incerteza Analítica,"O sistema deve alertar expressamente o usuário quando houver insuficiência de dados, margem de incerteza analítica ou divergência/conflito entre as fontes consultadas.",Must Have (Onda 1 - MVP) | IN,"Sempre que as referências apresentarem dados insuficientes ou visões divergentes consolidadas, o sistema deve exibir badge destacado de advertência no topo do painel e abster-se de declarar vencedor absoluto, expondo os dois pontos de vista de forma imparcial.",Backend Proxy (Classificador de Consenso) e Painel Lateral (Badge de Alerta).,"Cenário 06 (https://github.com/evidencia-grupo/documentation/blob/30995991ee264535b3814d40687dbd893a01214a/docs/requisitos/cenarios.md#cenario-06), UC-06 (https://github.com/evidencia-grupo/documentation/blob/30995991ee264535b3814d40687dbd893a01214a/docs/requisitos/casos-de-uso.md#uc-06), HU09 (https://github.com/evidencia-grupo/documentation/blob/30995991ee264535b3814d40687dbd893a01214a/docs/requisitos/backlog-e-historias.md#hu09).","catálogo de origem; requisito especificado, não declaração automática de conclusão",,,,,,,,
RF-08,RF-08: Alerta de Ausência de Transcrição,O sistema deve alertar o usuário de forma clara caso o vídeo não possua legendas ou transcrições disponíveis para processamento.,Must Have (Onda 1 - MVP) | IN,"Caso o vídeo ativo não contenha faixas de legendas nativas nem automáticas, o sistema deve interromper o fluxo localmente em até 1 segundo, notificando a impossibilidade técnica sem realizar requisições desnecessárias ao backend.",Content Script (Validador Local de Legendas).,"Cenário 08 (https://github.com/evidencia-grupo/documentation/blob/30995991ee264535b3814d40687dbd893a01214a/docs/requisitos/cenarios.md#cenario-08), UC-02 (https://github.com/evidencia-grupo/documentation/blob/30995991ee264535b3814d40687dbd893a01214a/docs/requisitos/casos-de-uso.md#uc-02), HU05, HU10 (https://github.com/evidencia-grupo/documentation/blob/30995991ee264535b3814d40687dbd893a01214a/docs/requisitos/backlog-e-historias.md#hu05).","catálogo de origem; requisito especificado, não declaração automática de conclusão",,,,,,,,
RF-09,RF-09: Armazenamento em Cache Local,O sistema deve armazenar em cache local os resultados das análises recentes para viabilizar a recuperação imediata de checagens já realizadas.,Should Have (Onda 2 - Incremento 1) | IN,As análises concluídas com sucesso devem ser persistidas via chrome.storage.local com chave indexada pelo ID do vídeo (videoId) e TTL de 24 horas. Consultas repetidas dentro do prazo devem ser renderizadas instantaneamente (< 1s) sem tráfego de rede externo.,Service Worker e chrome.storage.local.,"Cenário 07 (https://github.com/evidencia-grupo/documentation/blob/30995991ee264535b3814d40687dbd893a01214a/docs/requisitos/cenarios.md#cenario-07), UC-01 (https://github.com/evidencia-grupo/documentation/blob/30995991ee264535b3814d40687dbd893a01214a/docs/requisitos/casos-de-uso.md#uc-01), HU03, HU06 (https://github.com/evidencia-grupo/documentation/blob/30995991ee264535b3814d40687dbd893a01214a/docs/requisitos/backlog-e-historias.md#hu03).","catálogo de origem; requisito especificado, não declaração automática de conclusão",,,,,,,,
RF-10,RF-10: Avaliação de Precisão e Feedback (Pós-MVP),O sistema deve disponibilizar opções para o usuário avaliar a relevância e a precisão das evidências e perguntas apresentadas pela IA.,Could Have (Onda 3 - Pós-MVP) | OUT,"Disponibilização de opções discretas de feedback (positivo/negativo) ao final da análise. O envio deve ser estritamente voluntário, assíncrono e anônimo, sem coleta de dados pessoais ou histórico de navegação.",Painel Lateral e Módulo de Telemetria Anônima.,"Cenário 11 (https://github.com/evidencia-grupo/documentation/blob/30995991ee264535b3814d40687dbd893a01214a/docs/requisitos/cenarios.md#cenario-11), UC-05 (https://github.com/evidencia-grupo/documentation/blob/30995991ee264535b3814d40687dbd893a01214a/docs/requisitos/casos-de-uso.md#uc-05), HU12 (https://github.com/evidencia-grupo/documentation/blob/30995991ee264535b3814d40687dbd893a01214a/docs/requisitos/backlog-e-historias.md#hu12).","catálogo de origem; requisito especificado, não declaração automática de conclusão",,,,,,,,
RF-11,RF-11: Contextualização Temporal e Autoria,O sistema deve apresentar a data original de publicação do vídeo e as informações do canal para contextualizar temporalmente as afirmações analisadas.,Should Have (Onda 2 - Incremento 1) | IN,O painel deve exibir metadados de publicação (ano de upload e canal proprietário) e o pipeline de IA deve considerar o período de produção para não classificar como anacrônica ou falsa uma afirmação que era fato comprovado na data de postagem original.,Content Script (Extração de Metadados) e Backend Proxy.,"Cenário 09 (https://github.com/evidencia-grupo/documentation/blob/30995991ee264535b3814d40687dbd893a01214a/docs/requisitos/cenarios.md#cenario-09), UC-01, UC-03 (https://github.com/evidencia-grupo/documentation/blob/30995991ee264535b3814d40687dbd893a01214a/docs/requisitos/casos-de-uso.md#uc-01), HU08 (https://github.com/evidencia-grupo/documentation/blob/30995991ee264535b3814d40687dbd893a01214a/docs/requisitos/backlog-e-historias.md#hu08).","catálogo de origem; requisito especificado, não declaração automática de conclusão",,,,,,,,
RF-12,RF-12: Estado Explícito de Insuficiência de Evidência,"O sistema deve classificar e exibir explicitamente o estado de ""Sem evidência suficiente"" (insufficient_evidence) quando a busca não identificar registros que corroborem ou refutem uma alegação.",Must Have (Onda 1 - MVP) | IN,"A ausência de evidências nos corpora consultados jamais deve ser convertida automaticamente em rótulo de falsidade ou penalidade. O estado insufficient_evidence é epistemicamente distinto de contradicted/falso e deve ser exposto na seção ""O que ainda não sabemos"" da interface.",Backend Proxy (Classificador de Evidências) e Painel Lateral (Badge de Incerteza).,"GQ05, ADR-006 (https://github.com/evidencia-grupo/documentation/blob/30995991ee264535b3814d40687dbd893a01214a/docs/arquitetura/decisoes/ADR-006-evidence-first-architecture.md), HU09 (https://github.com/evidencia-grupo/documentation/blob/30995991ee264535b3814d40687dbd893a01214a/docs/requisitos/backlog-e-historias.md#hu09).","catálogo de origem; requisito especificado, não declaração automática de conclusão",ADR-006 Decisão 3 (https://github.com/evidencia-grupo/documentation/blob/30995991ee264535b3814d40687dbd893a01214a/docs/arquitetura/decisoes/ADR-006-evidence-first-architecture.md) (GQ05).,,,,,,,
RF-13,RF-13: Provenance e Rastreabilidade Completa de Evidências,"O sistema deve fornecer metadados de provenance para cada evidência recuperada, assegurando a possibilidade de auditoria independente por parte do usuário.",Must Have (Onda 1 - MVP) | IN,"Cada registro de evidência entregue à interface deve conter obrigatoriamente: corpus/dataset de proveniência (ex.: FactChecks.br), data de indexação, título da publicação, publisher, link canônico direto e hash/identificador único do documento indexado.",Backend Proxy (Pipeline RAG / Chroma) e Painel Lateral (EvidenceCard.tsx).,"GQ04, GQ07, ADR-006 (https://github.com/evidencia-grupo/documentation/blob/30995991ee264535b3814d40687dbd893a01214a/docs/arquitetura/decisoes/ADR-006-evidence-first-architecture.md), HU07, HU14 (https://github.com/evidencia-grupo/documentation/blob/30995991ee264535b3814d40687dbd893a01214a/docs/requisitos/backlog-e-historias.md#hu07).","catálogo de origem; requisito especificado, não declaração automática de conclusão","ADR-006 Decisão 2 e 5 (https://github.com/evidencia-grupo/documentation/blob/30995991ee264535b3814d40687dbd893a01214a/docs/arquitetura/decisoes/ADR-006-evidence-first-architecture.md) (GQ04, GQ07).",,,,,,,
RF-14,RF-14: Desacoplamento de Provedores de IA,O backend deve prover interface desacoplada para execução de tarefas de linguagem natural com suporte a múltiplos provedores intercambiáveis via configuração.,Must Have (Onda 1 - MVP) | IN,"O subsistema de inferência deve implementar a interface LLMProvider abstrata. A seleção entre provedor local (Ollama), remoto via API ou mock para testes deve ocorrer exclusivamente via variável de ambiente (LLM_PROVIDER). Falhas de conexão do provedor devem degradar o sistema para o modo Evidence-Only sem interrupção de serviço.",Backend Proxy (app/providers/base.py).,"GQ03, GQ07, ADR-006 (https://github.com/evidencia-grupo/documentation/blob/30995991ee264535b3814d40687dbd893a01214a/docs/arquitetura/decisoes/ADR-006-evidence-first-architecture.md), HU16 (https://github.com/evidencia-grupo/documentation/blob/30995991ee264535b3814d40687dbd893a01214a/docs/requisitos/backlog-e-historias.md#hu16), RNF-06 (https://github.com/evidencia-grupo/documentation/blob/30995991ee264535b3814d40687dbd893a01214a/docs/requisitos/catalogo-requisitos.md#rnf-06).","catálogo de origem; requisito especificado, não declaração automática de conclusão","ADR-006 Decisão 6 (https://github.com/evidencia-grupo/documentation/blob/30995991ee264535b3814d40687dbd893a01214a/docs/arquitetura/decisoes/ADR-006-evidence-first-architecture.md) (GQ03, GQ07).",,,,,,,
RF-15,RF-15: Proibição Estrita de Mock de IA em Produção,O sistema deve impedir a inicialização ou execução de provedores simulados (mocks) quando operando em ambiente de homologação ou produção.,Must Have (Onda 1 - MVP) | IN,"Caso a aplicação identifique ENV=production ou NODE_ENV=production conjuntamente com LLM_PROVIDER=mock, o processo deve ser imediatamente abortado com exceção fatal de segurança e registro do evento no log de auditoria do sistema. Mocks só são permitidos com ativação explícita em testes unitários ou desenvolvimento local.",Backend Proxy (Validador de Configuração e Startup Gate).,"ADR-006 (https://github.com/evidencia-grupo/documentation/blob/30995991ee264535b3814d40687dbd893a01214a/docs/arquitetura/decisoes/ADR-006-evidence-first-architecture.md), HU16 (https://github.com/evidencia-grupo/documentation/blob/30995991ee264535b3814d40687dbd893a01214a/docs/requisitos/backlog-e-historias.md#hu16), RNF-04 (https://github.com/evidencia-grupo/documentation/blob/30995991ee264535b3814d40687dbd893a01214a/docs/requisitos/catalogo-requisitos.md#rnf-04).","catálogo de origem; requisito especificado, não declaração automática de conclusão",ADR-006 Decisão 6 (https://github.com/evidencia-grupo/documentation/blob/30995991ee264535b3814d40687dbd893a01214a/docs/arquitetura/decisoes/ADR-006-evidence-first-architecture.md).,,,,,,,
RNF-01 [Desempenho - Latência],RNF-01 [Desempenho - Latência],"O sistema deve fornecer confirmação visual de processamento em até 1 segundo e disponibilizar o primeiro resultado útil em até 10 segundos sob condições normais de rede, exibindo indicador contínuo de progresso em chamadas assíncronas demoradas.",,,,"Cenário 01, 03, 07, 08 (https://github.com/evidencia-grupo/documentation/blob/30995991ee264535b3814d40687dbd893a01214a/docs/requisitos/cenarios.md#cenario-01), HU01, HU03, HU06, HU10 (https://github.com/evidencia-grupo/documentation/blob/30995991ee264535b3814d40687dbd893a01214a/docs/requisitos/backlog-e-historias.md#hu01).","catálogo de origem; requisito especificado, não declaração automática de conclusão",,Latência de feedback visual: <= 1.000 ms. Latência de primeiro resultado útil (P90): <= 10.000 ms.,Testes de telemetria E2E automatizados com Playwright e medição via performance.now().,,,,,
RNF-02 [Desempenho - Sobrecarga de Renderização],RNF-02 [Desempenho - Sobrecarga de Renderização],A injeção de scripts e componentes na página ativa do YouTube não deve elevar o Tempo Total de Bloqueio (TBT) em mais de 50 ms nem alocar mais de 80 MB de memória RAM na aba do navegador.,,,,"Cenário 01, 03 (https://github.com/evidencia-grupo/documentation/blob/30995991ee264535b3814d40687dbd893a01214a/docs/requisitos/cenarios.md#cenario-01), HU04 (https://github.com/evidencia-grupo/documentation/blob/30995991ee264535b3814d40687dbd893a01214a/docs/requisitos/backlog-e-historias.md#hu04).","catálogo de origem; requisito especificado, não declaração automática de conclusão",,Incremento de Total Blocking Time: <= 50 ms. Consumo incremental de memória RAM: <= 80 MB.,Auditoria automatizada do Google Lighthouse em pipeline de CI e amostragem via Chrome DevTools Memory Inspector.,,,,,
RNF-03 [Arquitetura e Compatibilidade],RNF-03 [Arquitetura e Compatibilidade],"A extensão deve ser implementada em estrita conformidade com o padrão Manifest V3 do ecossistema Chromium, utilizando Service Workers para rotinas de fundo e assegurando interoperabilidade nos navegadores Google Chrome, Microsoft Edge e Brave.",,,,"Cenário 02 (https://github.com/evidencia-grupo/documentation/blob/30995991ee264535b3814d40687dbd893a01214a/docs/requisitos/cenarios.md#cenario-02), HU05 (https://github.com/evidencia-grupo/documentation/blob/30995991ee264535b3814d40687dbd893a01214a/docs/requisitos/backlog-e-historias.md#hu05), ADR-001 (https://github.com/evidencia-grupo/documentation/blob/30995991ee264535b3814d40687dbd893a01214a/docs/arquitetura/decisoes/ADR-001-manifest-v3.md).","catálogo de origem; requisito especificado, não declaração automática de conclusão",,,"Testes de regressão automatizados em runners Chromium para Chrome, Edge e Brave.",Navegadores baseados em Chromium versão >= 110. Escopo restrito a https://www.youtube.com/watch*.,,,,
RNF-04 [Segurança - Gestão de Credenciais],RNF-04 [Segurança - Gestão de Credenciais],"A extensão não deve conter chaves de API, credenciais ou segredos em seu código executável no cliente (client-side), canalizando todas as requisições a serviços externos e inferências por meio de um servidor proxy autenticado.",,,,"Cenário 03 (https://github.com/evidencia-grupo/documentation/blob/30995991ee264535b3814d40687dbd893a01214a/docs/requisitos/cenarios.md#cenario-03), HU03, HU04 (https://github.com/evidencia-grupo/documentation/blob/30995991ee264535b3814d40687dbd893a01214a/docs/requisitos/backlog-e-historias.md#hu03), ADR-002 (https://github.com/evidencia-grupo/documentation/blob/30995991ee264535b3814d40687dbd893a01214a/docs/arquitetura/decisoes/ADR-002-backend-proxy.md).","catálogo de origem; requisito especificado, não declaração automática de conclusão",,,"Secret scanning estático no CI (Gitleaks, Trufflehog) e análise de tráfego de rede no build.",,Zero segredos em arquivos empacotados na extensão; autenticação segura por token de sessão efêmero no Backend Proxy; isolamento de renderização em Shadow DOM.,,,
RNF-05 [Segurança e Privacidade (LGPD)],RNF-05 [Segurança e Privacidade (LGPD)],"A extensão deve solicitar apenas permissões estritamente essenciais no manifesto (activeTab e escopo restrito a https://www.youtube.com/*), sem coletar histórico geral de navegação, sem armazenar credenciais do usuário e sem reter dados analíticos por padrão.",,,,"Cenário 04, 07, 11 (https://github.com/evidencia-grupo/documentation/blob/30995991ee264535b3814d40687dbd893a01214a/docs/requisitos/cenarios.md#cenario-04), HU06, HU07, HU12 (https://github.com/evidencia-grupo/documentation/blob/30995991ee264535b3814d40687dbd893a01214a/docs/requisitos/backlog-e-historias.md#hu06), Threat Model (https://github.com/evidencia-grupo/documentation/blob/30995991ee264535b3814d40687dbd893a01214a/docs/arquitetura/modelagem-ameacas.md).","catálogo de origem; requisito especificado, não declaração automática de conclusão",,,Auditoria de segurança de permissões de manifesto e verificação de conformidade no Threat Model.,,,"Necessidade (Art. 6º, III), Finalidade (Art. 6º, I) e Segurança (Art. 6º, VII). Sem cookies de terceiros ou identificadores biométricos/persistentes.",,
RNF-06 [Resiliência e Degradação Graciosa],RNF-06 [Resiliência e Degradação Graciosa],"Em caso de falha de conexão, indisponibilidade de APIs externas ou timeout, o sistema deve degradar com segurança, exibindo mensagem descritiva de erro ao usuário e desativando o estado de carregamento sem travar a extensão.",,,,"Cenário 02, 03, 06, 08 (https://github.com/evidencia-grupo/documentation/blob/30995991ee264535b3814d40687dbd893a01214a/docs/requisitos/cenarios.md#cenario-02), HU05, HU09, HU10 (https://github.com/evidencia-grupo/documentation/blob/30995991ee264535b3814d40687dbd893a01214a/docs/requisitos/backlog-e-historias.md#hu05).","catálogo de origem; requisito especificado, não declaração automática de conclusão",,,"Testes de caos com indução de indisponibilidade de rede (HTTP 500, 503, timeout 504).",,,,Fallback visual em falhas de rede; timeout defensivo de 10s com botão de nova tentativa; zero crashes na aba do YouTube.,
RNF-07 [Usabilidade e Acessibilidade],RNF-07 [Usabilidade e Acessibilidade],"A interface deve apresentar as informações de forma hierarquizada e sem sobrecarga cognitiva para usuários leigos, atendendo aos padrões WCAG de contraste de cores, legibilidade e suporte integral à navegação via teclado.",,,,"Cenário 01, 04, 06, 08, 09, 10 (https://github.com/evidencia-grupo/documentation/blob/30995991ee264535b3814d40687dbd893a01214a/docs/requisitos/cenarios.md#cenario-01), HU01, HU02, HU07, HU08, HU09, HU10 (https://github.com/evidencia-grupo/documentation/blob/30995991ee264535b3814d40687dbd893a01214a/docs/requisitos/backlog-e-historias.md#hu01), Design System (https://github.com/evidencia-grupo/documentation/blob/30995991ee264535b3814d40687dbd893a01214a/docs/requisitos/design-system.md).","catálogo de origem; requisito especificado, não declaração automática de conclusão",,,Varredura automatizada com axe-core no CI e testes manuais de navegação por teclado.,,,,,"Conformidade com WCAG 2.1 nível AA; contraste de cores >= 4,5:1; suporte integral a foco via Tab; atributos descritivos ARIA."
